{"cameraMode":{"drawMode":0,"name":"Shaded","section":"Shading Mode"},"sceneLighting":true,"audioPlay":false,"sceneViewState":{"showFog":false,"showMaterialUpdate":false,"showSkybox":true,"showFlares":true,"showImageEffects":true,"showParticleSystems":true},"in2DMode":false,"pivot":{"x":576.2913208007813,"y":213.56588745117188,"z":-6.151033878326416},"rotation":{"x":-0.007701576687395573,"y":0.9920778274536133,"z":-0.09853783249855042,"w":-0.07753937691450119},"size":6.54461669921875,"orthographic":false}