{"cameraMode":{"drawMode":0,"name":"Shaded","section":"Shading Mode"},"sceneLighting":true,"audioPlay":false,"sceneViewState":{"showFog":false,"showMaterialUpdate":false,"showSkybox":true,"showFlares":true,"showImageEffects":true,"showParticleSystems":true},"in2DMode":false,"pivot":{"x":-21.01538848876953,"y":32.73306655883789,"z":2.3066415786743166},"rotation":{"x":0.19295480847358704,"y":0.047077737748622897,"z":-0.009268311783671379,"w":0.9800394177436829},"size":18.663297653198243,"orthographic":false}