{"cameraMode":{"drawMode":0,"name":"Shaded","section":"Shading Mode"},"sceneLighting":false,"audioPlay":false,"sceneViewState":{"showFog":false,"showMaterialUpdate":false,"showSkybox":false,"showFlares":true,"showImageEffects":true,"showParticleSystems":true},"in2DMode":false,"pivot":{"x":577.157958984375,"y":212.11203002929688,"z":-6.33458948135376},"rotation":{"x":0.003995819017291069,"y":0.4599093794822693,"z":-0.0020696057472378017,"w":0.8879550099372864},"size":2.034324884414673,"orthographic":false}