{"cameraMode":{"drawMode":0,"name":"Shaded","section":"Shading Mode"},"sceneLighting":true,"audioPlay":false,"sceneViewState":{"showFog":false,"showMaterialUpdate":false,"showSkybox":true,"showFlares":true,"showImageEffects":true,"showParticleSystems":true},"in2DMode":false,"pivot":{"x":428.9942626953125,"y":234.43128967285157,"z":-0.099151611328125},"rotation":{"x":-0.010499760508537293,"y":0.0029998300597071649,"z":0.00003149937401758507,"w":0.9999403953552246},"size":556.4309692382813,"orthographic":false}