{"cameraMode":{"drawMode":0,"name":"Shaded","section":"Shading Mode"},"sceneLighting":true,"audioPlay":false,"sceneViewState":{"showFog":false,"showMaterialUpdate":false,"showSkybox":true,"showFlares":true,"showImageEffects":true,"showParticleSystems":true},"in2DMode":false,"pivot":{"x":633.3135375976563,"y":120.16946411132813,"z":97.42669677734375},"rotation":{"x":0.09794709831476212,"y":0.6924147009849548,"z":-0.09573937207460404,"w":0.7083821296691895},"size":202.1285858154297,"orthographic":false}