{"cameraMode":{"drawMode":0,"name":"Shaded","section":"Shading Mode"},"sceneLighting":true,"audioPlay":false,"sceneViewState":{"showFog":false,"showMaterialUpdate":false,"showSkybox":true,"showFlares":true,"showImageEffects":true,"showParticleSystems":true},"in2DMode":false,"pivot":{"x":124.39640808105469,"y":142.8063507080078,"z":-29.8746337890625},"rotation":{"x":-0.0813274160027504,"y":0.1607435792684555,"z":0.01329175103455782,"w":0.9835523366928101},"size":856.7420043945313,"orthographic":false}