{"cameraMode":{"drawMode":0,"name":"Shaded","section":"Shading Mode"},"sceneLighting":false,"audioPlay":false,"sceneViewState":{"showFog":false,"showMaterialUpdate":false,"showSkybox":false,"showFlares":true,"showImageEffects":true,"showParticleSystems":true},"in2DMode":false,"pivot":{"x":-2.1470229625701906,"y":1.4734642505645753,"z":538.3199462890625},"rotation":{"x":-0.0015275321202352644,"y":0.9844571352005005,"z":-0.1754797399044037,"w":-0.00856843777000904},"size":2.8578848838806154,"orthographic":false}