{"cameraMode":{"drawMode":0,"name":"Shaded","section":"Shading Mode"},"sceneLighting":true,"audioPlay":false,"sceneViewState":{"showFog":false,"showMaterialUpdate":false,"showSkybox":true,"showFlares":true,"showImageEffects":true,"showParticleSystems":true},"in2DMode":false,"pivot":{"x":249.77481079101563,"y":128.24710083007813,"z":-244.0497589111328},"rotation":{"x":-0.020692255347967149,"y":0.17013029754161836,"z":0.0035731871612370016,"w":0.9851984977722168},"size":591.58544921875,"orthographic":false}