{"cameraMode":{"drawMode":0,"name":"Shaded","section":"Shading Mode"},"sceneLighting":true,"audioPlay":false,"sceneViewState":{"showFog":false,"showMaterialUpdate":false,"showSkybox":true,"showFlares":true,"showImageEffects":true,"showParticleSystems":true},"in2DMode":false,"pivot":{"x":2.081521511077881,"y":1.5299999713897706,"z":496.67822265625},"rotation":{"x":-0.017973508685827256,"y":-0.9787388443946838,"z":0.09810061007738114,"w":-0.17931653559207917},"size":16.2980899810791,"orthographic":false}