{"cameraMode":{"drawMode":0,"name":"Shaded","section":"Shading Mode"},"sceneLighting":true,"audioPlay":false,"sceneViewState":{"showFog":false,"showMaterialUpdate":false,"showSkybox":true,"showFlares":true,"showImageEffects":true,"showParticleSystems":true},"in2DMode":false,"pivot":{"x":1.008012294769287,"y":1.046540379524231,"z":14.040657043457032},"rotation":{"x":-0.09367819875478745,"y":-0.2487482875585556,"z":0.024178024381399156,"w":-0.9637405872344971},"size":23.59867286682129,"orthographic":false}