{"cameraMode":{"drawMode":0,"name":"Shaded","section":"Shading Mode"},"sceneLighting":true,"audioPlay":false,"sceneViewState":{"showFog":false,"showMaterialUpdate":false,"showSkybox":true,"showFlares":true,"showImageEffects":true,"showParticleSystems":true},"in2DMode":false,"pivot":{"x":0.8084747195243836,"y":2.041666269302368,"z":0.10356998443603516},"rotation":{"x":0.026347877457737924,"y":0.059943098574876788,"z":-0.001581947086378932,"w":0.9978601932525635},"size":6.757885456085205,"orthographic":false}