{"cameraMode":{"drawMode":0,"name":"Shaded","section":"Shading Mode"},"sceneLighting":false,"audioPlay":false,"sceneViewState":{"showFog":false,"showMaterialUpdate":false,"showSkybox":false,"showFlares":true,"showImageEffects":true,"showParticleSystems":true},"in2DMode":false,"pivot":{"x":6.0,"y":1.0119999647140504,"z":138.8000030517578},"rotation":{"x":0.16656363010406495,"y":0.025140834972262384,"z":-0.004248438868671656,"w":0.985702633857727},"size":4.041658401489258,"orthographic":false}